SAMPLE_ID,Aneuploidy Score,Buffa Hypoxia Score,Fraction Genome Altered,MSI MANTIS Score,MSIsensor Score,Mutation Count,Ragnum Hypoxia Score,Winter Hypoxia Score,Tumor Break Load,TMB (nonsynonymous)
TCGA-05-4244-01,17.0,11.0,0.4565,0.2886,0.03,192.0,12.0,20.0,98.0,6.4
TCGA-05-4249-01,24.0,-27.0,0.2221,0.2807,0.07,300.0,-12.0,-26.0,29.0,10.0
TCGA-05-4250-01,17.0,29.0,0.2362,0.3059,0.28,312.0,18.0,32.0,81.0,10.5
TCGA-05-4382-01,22.0,19.0,0.0854,0.3193,0.05,1547.0,16.0,34.0,226.0,51.73333333
TCGA-05-4384-01,1.0,-37.0,0.0661,0.285,0.0,117.0,-12.0,-24.0,6.0,3.966666667
TCGA-05-4389-01,20.0,13.0,0.4579,0.2907,0.05,211.0,16.0,14.0,155.0,7.033333333
TCGA-05-4390-01,21.0,35.0,0.3056,0.2876,0.01,517.0,22.0,46.0,229.0,17.33333333
TCGA-05-4395-01,25.0,43.0,0.5598,0.2956,0.35,231.0,14.0,54.0,108.0,7.7
TCGA-05-4396-01,11.0,-19.0,0.234,0.2819,0.21,1287.0,-12.0,-16.0,123.0,43.26666667
TCGA-05-4397-01,7.0,19.0,0.2784,0.2886,0.18,749.0,18.0,14.0,120.0,24.86666667
TCGA-05-4398-01,23.0,33.0,0.3046,0.3117,0.11,665.0,18.0,36.0,239.0,22.36666667
TCGA-05-4402-01,31.0,17.0,0.2949,0.2803,0.01,122.0,12.0,24.0,70.0,4.033333333
TCGA-05-4403-01,1.0,-3.0,0.0272,0.2921,0.02,125.0,-6.0,0.0,14.0,4.166666667
TCGA-05-4405-01,24.0,-31.0,0.3903,0.3071,0.02,362.0,-12.0,-20.0,77.0,12.16666667
TCGA-05-4410-01,18.0,-17.0,0.3183,0.3034,0.0,1014.0,-6.0,-20.0,51.0,33.8
TCGA-05-4415-01,20.0,35.0,0.1563,0.3033,0.0,187.0,20.0,32.0,126.0,6.233333333
TCGA-05-4417-01,19.0,-17.0,0.2699,0.3033,0.0,284.0,-10.0,-20.0,84.0,9.633333333
TCGA-05-4418-01,6.0,33.0,0.1433,0.2744,0.01,245.0,16.0,40.0,29.0,8.233333333
TCGA-05-4420-01,22.0,29.0,0.4499,0.291,0.09,255.0,20.0,30.0,218.0,8.566666667
TCGA-05-4422-01,7.0,-15.0,0.2305,0.2843,0.02,39.0,4.0,-16.0,139.0,1.333333333
TCGA-05-4424-01,19.0,-13.0,0.2161,0.3012,0.0,673.0,10.0,-8.0,90.0,22.53333333
TCGA-05-4425-01,10.0,-5.0,0.2352,0.3179,0.01,40.0,10.0,8.0,10.0,1.333333333
TCGA-05-4426-01,4.0,13.0,0.1445,0.2836,0.05,43.0,4.0,26.0,83.0,1.466666667
TCGA-05-4427-01,20.0,-1.0,0.395,0.3043,0.09,952.0,8.0,6.0,241.0,31.66666667
TCGA-05-4430-01,20.0,-1.0,0.0992,0.2825,0.0,261.0,2.0,26.0,148.0,8.733333333
TCGA-05-4432-01,21.0,9.0,0.4286,0.2759,0.0,535.0,14.0,20.0,197.0,17.83333333
TCGA-05-4433-01,6.0,-21.0,0.1589,0.3053,0.0,32.0,0.0,-26.0,57.0,1.1
TCGA-05-4434-01,2.0,29.0,0.1237,0.2715,0.0,44.0,24.0,56.0,206.0,1.466666667
TCGA-05-5423-01,15.0,-3.0,0.3749,0.3204,0.04,140.0,-12.0,4.0,55.0,4.6
TCGA-05-5425-01,2.0,7.0,0.2551,0.3001,0.0,536.0,4.0,-8.0,207.0,17.96666667
TCGA-05-5428-01,20.0,23.0,0.5655,0.298,0.02,351.0,10.0,36.0,107.0,11.7
TCGA-05-5429-01,8.0,21.0,0.2466,0.3031,0.06,34.0,12.0,24.0,32.0,1.133333333
TCGA-05-5715-01,10.0,-19.0,0.32,0.3207,0.0,105.0,-8.0,-18.0,123.0,3.533333333
TCGA-35-3615-01,5.0,-9.0,0.1795,0.2804,0.06,103.0,-18.0,-12.0,37.0,3.433333333
TCGA-35-4122-01,23.0,43.0,0.0597,0.2776,0.0,293.0,22.0,40.0,147.0,9.733333333
TCGA-35-4123-01,14.0,39.0,0.3119,0.2877,0.01,245.0,16.0,48.0,79.0,8.2
TCGA-35-5375-01,26.0,35.0,0.5996,0.3281,0.08,387.0,22.0,36.0,195.0,12.9
TCGA-38-4625-01,16.0,33.0,0.5261,0.2801,0.07,540.0,18.0,42.0,63.5,17.96666667
TCGA-38-4626-01,2.0,-23.0,0.019,0.2787,0.0,238.0,-12.0,-26.0,14.5,8.033333333
TCGA-38-4627-01,9.0,13.0,0.0002,0.2806,0.0,29.0,-6.0,26.0,37.5,0.966666667
TCGA-38-4628-01,24.0,5.0,0.4864,0.3118,0.49,112.0,2.0,0.0,215.0,3.733333333
TCGA-38-4631-01,20.0,31.0,0.4032,0.3091,0.06,689.0,24.0,26.0,314.0,23.06666667
TCGA-38-4632-01,23.0,33.0,0.4325,0.2967,0.06,497.0,20.0,22.0,200.0,16.73333333
TCGA-38-6178-01,22.0,-5.0,0.3904,0.2925,0.02,65.0,-10.0,4.0,188.0,2.233333333
TCGA-38-7271-01,2.0,-41.0,0.0439,0.3598,0.34,87.0,-14.0,-54.0,1.0,2.9
TCGA-38-A44F-01,1.0,-21.0,0.0,0.3275,0.0,11.0,-14.0,-26.0,2.0,0.366666667
TCGA-44-2655-01,4.0,-17.0,0.0648,0.2747,0.0,164.0,-10.0,4.0,22.0,5.5
TCGA-44-2656-01,19.0,15.0,0.237,0.2996,0.01,765.0,10.0,14.0,59.3,50.7
TCGA-44-2657-01,10.0,-17.0,0.0447,0.2817,0.01,366.0,-10.0,-32.0,78.5,23.76666667
TCGA-44-2659-01,25.0,-15.0,0.2823,0.2806,0.2,395.0,-12.0,-26.0,63.0,25.86666667
TCGA-44-2662-01,24.0,29.0,0.237,0.2713,0.0,189.0,20.0,36.0,128.8,12.43333333
TCGA-44-2665-01,7.0,1.0,0.237,0.3006,0.18,43.0,-4.0,20.0,45.8,2.733333333
TCGA-44-2666-01,2.0,-19.0,0.237,0.3003,0.07,37.0,-4.0,-6.0,24.0,2.4
TCGA-44-2668-01,11.0,37.0,0.237,0.2747,0.02,318.0,20.0,40.0,72.0,21.06666667
TCGA-44-3396-01,6.0,23.0,0.0548,0.3466,0.05,184.0,10.0,28.0,52.5,12.2
TCGA-44-3398-01,2.0,27.0,0.0012,0.281,0.0,173.0,2.0,42.0,8.0,11.43333333
TCGA-44-3917-01,19.0,1.0,0.237,0.3142,0.09,199.0,4.0,4.0,136.0,6.666666667
TCGA-44-3918-01,12.0,13.0,0.237,0.3106,0.0,881.0,2.0,42.0,176.3,58.33333333
TCGA-44-3919-01,6.0,9.0,0.1658,0.2725,0.01,51.0,8.0,26.0,37.0,3.366666667
TCGA-44-4112-01,6.0,27.0,0.237,0.2866,0.1,434.0,16.0,52.0,70.7,29.0
TCGA-44-5643-01,19.0,11.0,0.5689,0.321,0.08,114.0,14.0,22.0,64.0,7.433333333
TCGA-44-5644-01,16.0,5.0,0.6632,0.3216,0.45,907.0,8.0,-6.0,508.0,60.2
TCGA-44-5645-01,10.0,-37.0,0.237,0.3481,0.0,36.0,-20.0,-40.0,66.3,2.366666667
TCGA-44-6144-01,8.0,1.0,0.3806,0.2976,0.0,196.0,4.0,4.0,90.0,13.1
TCGA-44-6145-01,16.0,-1.0,0.027,0.3023,0.0,299.0,22.0,20.0,74.0,19.56666667
TCGA-44-6146-01,5.0,-29.0,0.237,0.3286,0.01,38.0,-18.0,-38.0,18.0,2.5
TCGA-44-6148-01,2.0,-41.0,0.0276,0.2964,0.0,7.0,-18.0,-46.0,0.0,0.433333333
TCGA-44-6774-01,4.0,-23.0,0.203,0.2954,0.01,276.0,-6.0,-4.0,95.0,18.5
TCGA-44-6775-01,26.0,-7.0,0.237,0.3101,0.0,60.0,6.0,-4.0,34.7,4.166666667
TCGA-44-6776-01,4.0,-35.0,0.1665,0.3029,0.0,187.0,-16.0,-38.0,11.0,12.46666667
TCGA-44-6777-01,19.0,1.0,0.1046,0.3033,0.0,351.0,-8.0,0.0,32.0,22.53333333
TCGA-44-6778-01,25.0,-19.0,0.3992,0.3067,0.0,358.0,12.0,-18.0,313.0,23.43333333
TCGA-44-6779-01,17.0,9.0,0.5993,0.2979,0.0,91.0,4.0,4.0,88.0,3.033333333
TCGA-44-7659-01,4.0,-31.0,0.1598,0.3019,0.0,139.0,-20.0,-38.0,23.0,9.2
TCGA-44-7660-01,25.0,23.0,0.6653,0.3098,0.05,336.0,18.0,42.0,279.0,22.26666667
TCGA-44-7661-01,5.0,33.0,0.0147,0.3087,0.0,276.0,24.0,36.0,15.0,18.16666667
TCGA-44-7662-01,25.0,27.0,0.2739,0.3017,0.01,541.0,20.0,38.0,112.0,36.23333333
TCGA-44-7667-01,23.0,25.0,0.3866,0.3057,0.01,428.0,18.0,28.0,253.0,28.46666667
TCGA-44-7669-01,22.0,17.0,0.4144,0.3312,0.07,422.0,24.0,2.0,248.0,27.83333333
TCGA-44-7670-01,27.0,11.0,0.6345,0.3216,0.11,1014.0,18.0,20.0,617.0,67.2
TCGA-44-7671-01,16.0,-17.0,0.3154,0.3047,0.08,200.0,-8.0,-14.0,32.0,13.3
TCGA-44-7672-01,22.0,17.0,0.0681,0.3068,0.03,156.0,10.0,28.0,115.0,10.26666667
TCGA-44-8117-01,20.0,-3.0,0.6349,0.3512,0.06,678.0,0.0,12.0,163.0,22.7
TCGA-44-8119-01,25.0,19.0,0.4008,0.3525,0.2,579.0,26.0,38.0,264.0,19.36666667
TCGA-44-8120-01,13.0,-7.0,0.3716,0.3347,0.07,543.0,-4.0,-8.0,56.0,18.13333333
TCGA-44-A479-01,8.0,-19.0,0.0803,0.3191,0.0,279.0,2.0,-8.0,102.0,9.333333333
TCGA-44-A47A-01,23.0,-11.0,0.1272,0.3226,0.0,210.0,8.0,-8.0,15.0,6.966666667
TCGA-44-A47B-01,18.0,-19.0,0.3063,0.3287,0.13,39.0,-2.0,-10.0,150.0,1.333333333
TCGA-44-A47F-01,27.0,1.0,0.3026,0.3397,0.0,78.0,4.0,4.0,19.0,2.633333333
TCGA-44-A47G-01,3.0,7.0,0.0003,0.3181,0.0,78.0,0.0,-2.0,12.0,2.633333333
TCGA-44-A4SS-01,16.0,-13.0,0.0109,0.3039,0.01,443.0,-2.0,-20.0,50.0,14.9
TCGA-44-A4SU-01,12.0,-11.0,0.3113,0.3233,0.01,133.0,-14.0,18.0,90.0,4.433333333
TCGA-49-4486-01,2.0,-3.0,0.1116,0.278,0.01,142.0,-14.0,0.0,45.0,4.8
TCGA-49-4487-01,27.0,11.0,0.1177,0.295,0.0,345.0,16.0,16.0,107.0,11.46666667
TCGA-49-4488-01,25.0,19.0,0.4138,0.2967,0.13,271.0,10.0,22.0,314.0,9.033333333
TCGA-49-4490-01,29.0,-1.0,0.2916,0.3009,0.01,48.0,-8.0,4.0,161.0,1.6
TCGA-49-4494-01,3.0,33.0,0.1473,0.2794,0.02,171.0,20.0,40.0,46.0,5.733333333
TCGA-49-4501-01,19.0,5.0,0.3168,0.2866,0.04,47.0,-16.0,12.0,182.0,1.6
TCGA-49-4505-01,21.0,21.0,0.473,0.3359,0.1,188.0,-4.0,36.0,148.0,6.3
TCGA-49-4506-01,20.0,27.0,0.0386,0.2991,0.0,117.0,14.0,44.0,22.0,3.9
TCGA-49-4507-01,12.0,31.0,0.2054,0.2769,0.02,184.0,16.0,36.0,117.0,6.133333333
TCGA-49-4510-01,23.0,-1.0,0.4297,0.2923,0.32,56.0,-16.0,6.0,60.0,1.9
TCGA-49-4512-01,31.0,-7.0,0.3116,0.307,0.01,41.0,-16.0,10.0,69.0,1.4
TCGA-49-4514-01,8.0,11.0,0.2725,0.3006,0.0,293.0,12.0,2.0,223.0,9.8
TCGA-49-6742-01,19.0,1.0,0.1343,0.3036,0.05,237.0,16.0,4.0,51.0,7.8
TCGA-49-6743-01,23.0,3.0,0.1102,0.2849,0.0,690.0,24.0,4.0,127.0,23.06666667
TCGA-49-6744-01,5.0,-19.0,0.0901,0.2967,0.0,222.0,-12.0,-10.0,62.0,7.433333333
TCGA-49-6745-01,10.0,9.0,0.0919,0.3083,0.0,128.0,18.0,2.0,93.0,4.3
TCGA-49-6761-01,16.0,29.0,0.1291,0.2932,0.01,281.0,6.0,34.0,46.0,9.433333333
TCGA-49-6767-01,23.0,33.0,0.335,0.3133,0.0,423.0,12.0,36.0,124.0,14.06666667
TCGA-49-AAQV-01,10.0,31.0,0.1747,0.3294,0.0,67.0,14.0,26.0,80.0,2.233333333
TCGA-49-AAR0-01,15.0,13.0,0.1428,0.3252,0.0,121.0,2.0,14.0,117.0,4.066666667
TCGA-49-AAR2-01,9.0,5.0,0.2466,0.3355,0.0,364.0,2.0,4.0,81.0,12.13333333
TCGA-49-AAR3-01,10.0,5.0,0.0086,0.3164,0.0,127.0,12.0,14.0,10.0,4.266666667
TCGA-49-AAR4-01,8.0,3.0,0.0166,0.3241,0.0,534.0,6.0,16.0,29.0,17.56666667
TCGA-49-AAR9-01,11.0,29.0,0.4853,0.3436,0.37,564.0,26.0,46.0,258.0,18.86666667
TCGA-49-AARE-01,19.0,21.0,0.2988,0.3338,0.03,1194.0,14.0,28.0,286.0,40.0
TCGA-49-AARN-01,7.0,-31.0,0.1842,0.3164,0.0,690.0,-16.0,-4.0,43.0,23.1
TCGA-49-AARO-01,21.0,11.0,0.1686,0.3115,0.02,541.0,-2.0,28.0,147.0,18.03333333
TCGA-49-AARQ-01,17.0,11.0,0.3585,0.3256,0.09,639.0,10.0,16.0,117.0,21.43333333
TCGA-49-AARR-01,0.0,-45.0,0.0001,0.3245,0.03,2.0,-18.0,-40.0,1.0,0.066666667
TCGA-4B-A93V-01,26.0,21.0,0.4531,0.3475,0.24,122.0,4.0,8.0,102.0,4.1
TCGA-50-5044-01,1.0,35.0,0.0003,0.313,0.0,122.0,16.0,58.0,12.0,4.066666667
TCGA-50-5045-01,3.0,25.0,0.085,0.305,0.0,294.0,2.0,30.0,54.0,9.866666667
TCGA-50-5049-01,15.0,11.0,0.0468,0.3052,0.0,745.0,14.0,0.0,92.0,24.83333333
TCGA-50-5051-01,22.0,9.0,0.5353,0.3028,0.0,103.0,2.0,22.0,28.0,3.466666667
TCGA-50-5055-01,1.0,-7.0,0.0342,0.3077,0.0,21.0,-14.0,-20.0,76.0,0.7
TCGA-50-5066-01,11.0,31.0,0.0599,0.2919,3.45,264.0,18.0,34.0,104.0,8.833333333
TCGA-50-5068-01,32.0,5.0,0.0115,0.3108,0.0,85.0,4.0,4.0,30.0,2.866666667
TCGA-50-5072-01,27.0,33.0,0.1721,0.2997,0.02,155.0,30.0,40.0,20.0,5.2
TCGA-50-5930-01,2.0,-9.0,0.1503,0.2831,0.0,1030.0,4.0,12.0,226.0,34.5
TCGA-50-5931-01,12.0,37.0,0.4539,0.3013,0.33,276.0,24.0,30.0,99.0,9.266666667
TCGA-50-5932-01,11.0,-27.0,0.3516,0.3033,0.19,70.0,-14.0,-20.0,82.0,2.3
TCGA-50-5933-01,24.0,27.0,0.1504,0.2962,0.03,495.0,16.0,24.0,111.0,16.5
TCGA-50-5935-01,21.0,-27.0,0.4163,0.3089,0.04,90.0,-14.0,-30.0,67.0,3.033333333
TCGA-50-5936-01,14.0,19.0,0.3737,0.3083,0.0,106.0,18.0,24.0,95.0,3.6
TCGA-50-5939-01,7.0,19.0,0.0732,0.3341,0.0,74.0,18.0,34.0,66.0,2.466666667
TCGA-50-5941-01,32.0,11.0,0.1134,0.292,0.0,366.0,12.0,18.0,139.0,12.23333333
TCGA-50-5942-01,2.0,-43.0,0.0483,0.2881,0.0,59.0,-26.0,-50.0,6.0,1.966666667
TCGA-50-5944-01,17.0,-35.0,0.406,0.2843,0.04,54.0,-18.0,-24.0,242.0,1.866666667
TCGA-50-5946-01,21.0,7.0,0.5612,0.2901,0.03,584.0,12.0,20.0,124.0,19.56666667
TCGA-50-6590-01,19.0,29.0,0.1035,0.2995,0.05,827.0,20.0,60.0,68.0,27.63333333
TCGA-50-6591-01,28.0,21.0,0.5794,0.3244,0.79,55.0,14.0,32.0,167.0,1.866666667
TCGA-50-6592-01,14.0,29.0,0.0987,0.2877,0.0,267.0,24.0,30.0,270.0,8.833333333
TCGA-50-6593-01,29.0,9.0,0.209,0.2839,0.0,287.0,12.0,4.0,99.0,9.566666667
TCGA-50-6594-01,17.0,31.0,0.4787,0.3083,0.26,488.0,16.0,24.0,170.0,16.33333333
TCGA-50-6595-01,12.0,37.0,0.0248,0.3005,0.0,98.0,22.0,70.0,45.0,3.3
TCGA-50-6597-01,15.0,-19.0,0.267,0.3029,0.01,51.0,-18.0,-28.0,287.0,1.733333333
TCGA-50-6673-01,18.0,-5.0,0.2202,0.2908,0.02,83.0,-4.0,-4.0,153.0,2.866666667
TCGA-50-7109-01,21.0,-9.0,0.5497,0.3035,0.03,233.0,2.0,-12.0,223.0,8.0
TCGA-50-8457-01,3.0,-41.0,0.0581,0.3402,0.0,53.0,-18.0,-48.0,6.0,1.766666667
TCGA-50-8459-01,4.0,-13.0,0.0065,0.3327,0.12,76.0,-12.0,-8.0,33.0,2.533333333
TCGA-50-8460-01,8.0,-23.0,0.2005,0.3409,0.19,31.0,-12.0,-18.0,18.0,1.033333333
TCGA-53-7624-01,18.0,23.0,0.6673,0.317,0.42,743.0,24.0,42.0,232.0,24.8
TCGA-53-7626-01,10.0,-35.0,0.2535,0.3176,0.0,1048.0,-6.0,-36.0,74.0,35.06666667
TCGA-53-7813-01,20.0,11.0,0.2515,0.3387,0.08,149.0,16.0,6.0,44.0,4.866666667
TCGA-53-A4EZ-01,23.0,15.0,0.6586,0.3105,0.0,453.0,16.0,18.0,173.0,15.13333333
TCGA-55-1592-01,22.0,-5.0,0.5835,0.2803,0.1,487.0,6.0,2.0,267.0,16.36666667
TCGA-55-1594-01,23.0,9.0,0.6566,0.2912,0.34,169.0,18.0,12.0,156.0,5.6
TCGA-55-1595-01,25.0,-13.0,0.6128,0.2662,0.88,297.0,10.0,2.0,187.0,9.933333333
TCGA-55-1596-01,28.0,17.0,0.7496,0.2772,0.29,178.0,24.0,24.0,81.0,5.866666667
TCGA-55-5899-01,19.0,29.0,0.6014,0.3053,0.07,386.0,20.0,24.0,228.0,12.86666667
TCGA-55-6543-01,10.0,-3.0,0.2923,0.3,0.14,23.0,-12.0,16.0,28.0,0.766666667
TCGA-55-6642-01,15.0,-9.0,0.1444,0.3046,0.0,122.0,2.0,-10.0,103.0,4.066666667
TCGA-55-6712-01,21.0,5.0,0.3129,0.3013,0.0,129.0,8.0,10.0,134.0,4.3
TCGA-55-6968-01,12.0,15.0,0.3815,0.3192,0.02,460.0,18.0,4.0,139.0,15.4
TCGA-55-6969-01,24.0,41.0,0.0772,0.2795,0.01,427.0,30.0,30.0,150.0,14.3
TCGA-55-6970-01,13.0,-5.0,0.2406,0.3069,0.0,175.0,8.0,-4.0,34.0,5.866666667
TCGA-55-6971-01,22.0,-19.0,0.0622,0.293,0.0,202.0,-2.0,-4.0,137.0,6.8
TCGA-55-6972-01,18.0,-9.0,0.4609,0.2864,0.63,265.0,-10.0,-8.0,158.0,8.8
TCGA-55-6975-01,13.0,19.0,0.196,0.2973,0.0,85.0,20.0,36.0,118.0,2.866666667
TCGA-55-6978-01,4.0,19.0,0.0102,0.279,0.0,54.0,24.0,30.0,85.0,1.866666667
TCGA-55-6979-01,13.0,11.0,0.0568,0.2926,0.0,535.0,2.0,0.0,75.0,17.86666667
TCGA-55-6980-01,15.0,-1.0,0.1855,0.2955,0.0,30.0,-8.0,2.0,43.0,1.0
TCGA-55-6981-01,24.0,11.0,0.2902,0.275,0.0,203.0,-4.0,12.0,72.0,6.733333333
TCGA-55-6982-01,22.0,29.0,0.0799,0.2939,0.01,214.0,16.0,18.0,146.0,7.2
TCGA-55-6983-01,6.0,-27.0,0.0996,0.3045,0.0,105.0,-16.0,-14.0,6.0,3.5
TCGA-55-6984-01,6.0,11.0,0.1609,0.3082,0.0,32.0,-2.0,18.0,38.0,1.066666667
TCGA-55-6985-01,13.0,3.0,0.2,0.3005,0.0,438.0,6.0,20.0,81.0,14.53333333
TCGA-55-6986-01,0.0,-5.0,0.041,0.2868,0.0,23.0,-12.0,8.0,30.0,0.766666667
TCGA-55-6987-01,7.0,19.0,0.0706,0.3051,0.0,214.0,16.0,32.0,80.0,7.133333333
TCGA-55-7227-01,16.0,-9.0,0.237,0.294,0.0,150.0,-12.0,-6.0,7.0,5.0
TCGA-55-7281-01,18.0,-15.0,0.4215,0.2873,0.02,438.0,-14.0,-4.0,35.0,28.83333333
TCGA-55-7283-01,18.0,-29.0,0.2525,0.3037,0.0,209.0,-20.0,-30.0,192.0,14.06666667
TCGA-55-7284-01,10.0,-29.0,0.0259,0.3198,0.0,40.0,-14.0,-18.0,11.0,1.333333333
TCGA-55-7570-01,10.0,23.0,0.2514,0.3006,0.0,354.0,22.0,28.0,71.0,23.56666667
TCGA-55-7573-01,16.0,-37.0,0.3445,0.3036,0.0,50.0,-22.0,-36.0,85.0,1.666666667
TCGA-55-7574-01,11.0,-21.0,0.0385,0.3064,0.0,247.0,-16.0,-24.0,116.0,16.43333333
TCGA-55-7576-01,19.0,-7.0,0.4404,0.3078,0.01,371.0,10.0,18.0,256.0,24.26666667
TCGA-55-7724-01,11.0,9.0,0.019,0.3507,0.0,214.0,8.0,28.0,19.0,7.2
TCGA-55-7725-01,6.0,-19.0,0.1388,0.3117,0.08,116.0,-20.0,-24.0,47.0,3.933333333
TCGA-55-7726-01,23.0,23.0,0.2587,0.3484,0.0,110.0,18.0,40.0,54.0,3.7
TCGA-55-7727-01,12.0,-1.0,0.2006,0.3554,0.08,221.0,6.0,-10.0,115.0,7.366666667
TCGA-55-7728-01,1.0,-17.0,0.059,0.3474,0.0,87.0,-16.0,-18.0,31.0,2.9
TCGA-55-7815-01,25.0,-3.0,0.1318,0.337,0.0,126.0,-8.0,-12.0,82.0,4.233333333
TCGA-55-7816-01,16.0,-37.0,0.237,0.2941,0.27,2.0,-24.0,-28.0,79.0,0.066666667
TCGA-55-7903-01,7.0,19.0,0.2587,0.3455,0.0,142.0,14.0,28.0,104.0,4.666666667
TCGA-55-7907-01,24.0,-23.0,0.3482,0.3314,0.05,1067.0,6.0,0.0,148.0,35.53333333
TCGA-55-7910-01,20.0,3.0,0.5284,0.3415,0.0,287.0,12.0,-4.0,181.0,9.566666667
TCGA-55-7911-01,14.0,3.0,0.0964,0.3558,0.02,211.0,4.0,0.0,45.0,7.0
TCGA-55-7913-01,19.0,21.0,0.2153,0.3381,0.24,310.0,18.0,24.0,131.0,10.33333333
TCGA-55-7914-01,9.0,-21.0,0.255,0.3043,0.06,161.0,-10.0,-22.0,50.0,5.366666667
TCGA-55-7994-01,16.0,17.0,0.5861,0.3527,0.04,1390.0,16.0,22.0,201.0,46.63333333
TCGA-55-7995-01,23.0,7.0,0.3208,0.3538,0.02,606.0,18.0,12.0,187.0,20.2
TCGA-55-8085-01,6.0,23.0,0.2779,0.3109,0.0,224.0,14.0,34.0,258.0,7.5
TCGA-55-8087-01,5.0,-35.0,0.0996,0.3177,0.08,34.0,-20.0,-50.0,31.0,1.133333333
TCGA-55-8089-01,11.0,11.0,0.0325,0.3445,0.0,1096.0,14.0,10.0,80.0,36.33333333
TCGA-55-8090-01,14.0,13.0,0.0643,0.3169,0.02,77.0,4.0,20.0,20.0,2.566666667
TCGA-55-8091-01,13.0,-1.0,0.4845,0.3272,0.06,30.0,-6.0,2.0,18.0,0.966666667
TCGA-55-8092-01,16.0,-9.0,0.3084,0.319,0.02,493.0,-10.0,-20.0,107.0,16.43333333
TCGA-55-8094-01,18.0,19.0,0.6613,0.3206,0.24,394.0,16.0,18.0,178.0,13.23333333
TCGA-55-8096-01,24.0,5.0,0.0908,0.3506,0.02,132.0,-2.0,18.0,74.0,4.4
TCGA-55-8097-01,6.0,-33.0,0.2133,0.3278,0.0,100.0,-22.0,-32.0,45.0,3.333333333
TCGA-55-8203-01,20.0,-7.0,0.2835,0.3099,0.07,386.0,0.0,0.0,53.0,12.86666667
TCGA-55-8204-01,10.0,33.0,0.2783,0.3441,0.02,193.0,20.0,52.0,28.0,6.433333333
TCGA-55-8205-01,22.0,15.0,0.1046,0.3331,0.15,474.0,14.0,14.0,55.0,15.8
TCGA-55-8206-01,20.0,-39.0,0.1614,0.345,0.0,27.0,-22.0,-44.0,69.0,0.9
TCGA-55-8207-01,15.0,-31.0,0.4614,0.3312,0.1,277.0,-18.0,-14.0,24.0,9.266666667
TCGA-55-8208-01,9.0,-7.0,0.0439,0.2956,0.02,318.0,8.0,4.0,26.0,10.6
TCGA-55-8299-01,16.0,3.0,0.0,0.329,0.02,195.0,16.0,2.0,4.0,12.16666667
TCGA-55-8301-01,8.0,25.0,0.0758,0.3329,0.24,262.0,18.0,10.0,45.0,8.7
TCGA-55-8302-01,12.0,27.0,0.1708,0.3126,0.52,613.0,18.0,40.0,35.0,20.63333333
TCGA-55-8505-01,6.0,31.0,0.0096,0.3302,0.07,27.0,20.0,48.0,61.0,0.933333333
TCGA-55-8506-01,13.0,3.0,0.3267,0.5316,6.82,1582.0,12.0,20.0,358.0,52.9
TCGA-55-8507-01,22.0,-1.0,0.5642,0.3629,0.23,874.0,8.0,22.0,218.0,29.26666667
TCGA-55-8508-01,13.0,3.0,0.1802,0.3292,0.0,165.0,-8.0,12.0,60.0,5.5
TCGA-55-8510-01,25.0,-19.0,0.1246,0.3384,0.1,273.0,-2.0,-10.0,102.0,9.1
TCGA-55-8511-01,20.0,3.0,0.1225,0.3413,0.85,511.0,8.0,6.0,220.0,17.16666667
TCGA-55-8512-01,9.0,-41.0,0.1895,0.318,0.0,35.0,-18.0,-18.0,66.0,1.166666667
TCGA-55-8513-01,0.0,-35.0,0.0,0.3194,0.0,5.0,-18.0,-42.0,0.0,0.166666667
TCGA-55-8514-01,26.0,-7.0,0.8013,0.3151,0.45,249.0,-14.0,-2.0,58.0,8.333333333
TCGA-55-8614-01,23.0,3.0,0.332,0.3412,0.01,202.0,16.0,34.0,54.0,6.8
TCGA-55-8615-01,23.0,-21.0,0.6786,0.3269,0.17,99.0,0.0,-12.0,185.0,3.333333333
TCGA-55-8616-01,22.0,-5.0,0.3848,0.3503,0.12,431.0,-8.0,-4.0,77.0,14.5
TCGA-55-8619-01,1.0,-33.0,0.0,0.323,0.0,20.0,-18.0,-32.0,6.0,0.666666667
TCGA-55-8620-01,15.0,29.0,0.3493,0.3391,1.13,437.0,24.0,18.0,202.0,14.53333333
TCGA-55-8621-01,1.0,-19.0,0.0,0.3078,0.19,68.0,-10.0,-16.0,2.0,2.266666667
TCGA-55-A48X-01,13.0,-37.0,0.0066,0.3152,0.0,364.0,-10.0,-16.0,15.0,12.1
TCGA-55-A48Y-01,6.0,3.0,0.1886,0.3259,0.0,313.0,4.0,4.0,302.0,10.43333333
TCGA-55-A48Z-01,17.0,11.0,0.3205,0.3062,0.03,44.0,4.0,20.0,85.0,1.5
TCGA-55-A490-01,18.0,5.0,0.5419,0.3394,0.12,1191.0,4.0,24.0,238.0,39.76666667
TCGA-55-A491-01,26.0,9.0,0.477,0.3009,0.05,334.0,2.0,8.0,139.0,11.23333333
TCGA-55-A492-01,12.0,-15.0,0.2069,0.3293,0.32,261.0,-16.0,-12.0,22.0,8.633333333
TCGA-55-A493-01,16.0,39.0,0.0981,0.3235,0.25,237.0,24.0,42.0,85.0,7.9
TCGA-55-A494-01,28.0,-1.0,0.3316,0.3189,0.11,212.0,4.0,-4.0,64.0,7.066666667
TCGA-55-A4DF-01,13.0,29.0,0.3667,0.3092,0.22,676.0,20.0,42.0,163.0,22.73333333
TCGA-55-A4DG-01,22.0,-35.0,0.4264,0.335,0.31,625.0,-20.0,-38.0,91.0,20.9
TCGA-55-A57B-01,21.0,-25.0,0.215,0.3221,0.0,39.0,-14.0,-18.0,26.0,1.3
TCGA-62-8394-01,17.0,19.0,0.4188,0.3238,0.4,117.0,14.0,26.0,102.0,3.933333333
TCGA-62-8395-01,6.0,-25.0,0.2137,0.3261,0.04,73.0,-14.0,-26.0,73.0,2.433333333
TCGA-62-8397-01,23.0,-11.0,0.2308,0.3149,0.27,24.0,-14.0,-16.0,26.0,0.8
TCGA-62-8398-01,24.0,19.0,0.3034,0.3196,0.36,74.0,24.0,20.0,55.0,2.466666667
TCGA-62-8399-01,13.0,-9.0,0.4884,0.3201,0.35,466.0,6.0,-6.0,81.0,15.53333333
TCGA-62-8402-01,31.0,9.0,0.3729,0.335,0.95,41.0,16.0,24.0,59.0,1.366666667
TCGA-62-A46O-01,14.0,11.0,0.6086,0.3242,0.43,798.0,18.0,-2.0,207.0,26.53333333
TCGA-62-A46P-01,6.0,-9.0,0.225,0.3373,0.0,249.0,-18.0,-16.0,55.0,8.4
TCGA-62-A46R-01,24.0,-15.0,0.3944,0.3214,0.0,170.0,-2.0,-14.0,66.0,5.666666667
TCGA-62-A46S-01,17.0,-31.0,0.2331,0.3163,0.0,106.0,-22.0,-34.0,89.0,3.633333333
TCGA-62-A46U-01,16.0,-1.0,0.1571,0.3108,0.0,40.0,4.0,2.0,75.0,1.333333333
TCGA-62-A46V-01,6.0,-5.0,0.292,0.326,0.0,54.0,4.0,0.0,53.0,1.766666667
TCGA-62-A46Y-01,6.0,1.0,0.1431,0.3295,0.0,35.0,-4.0,-2.0,25.0,1.166666667
TCGA-62-A470-01,23.0,-9.0,0.5991,0.3313,0.18,105.0,10.0,-6.0,101.0,3.533333333
TCGA-62-A471-01,24.0,39.0,0.4409,0.3326,0.01,90.0,24.0,56.0,104.0,3.033333333
TCGA-62-A472-01,21.0,11.0,0.2944,0.3272,0.19,53.0,10.0,4.0,17.0,1.766666667
TCGA-64-1676-01,16.0,27.0,0.5188,0.2746,0.04,530.0,0.0,34.0,167.0,17.83333333
TCGA-64-1677-01,21.0,35.0,0.1277,0.2728,0.04,195.0,28.0,52.0,84.0,6.533333333
TCGA-64-1678-01,12.0,33.0,0.5476,0.2919,1.05,195.0,22.0,26.0,136.0,0.0
TCGA-64-1679-01,25.0,29.0,0.1979,0.3127,0.0,480.0,10.0,48.0,63.0,16.03333333
TCGA-64-1680-01,18.0,-5.0,0.3404,0.2725,1.04,54.0,-10.0,-6.0,30.0,1.833333333
TCGA-64-1681-01,26.0,-5.0,0.3458,0.3243,0.01,77.0,-10.0,-8.0,113.0,2.566666667
TCGA-64-5774-01,19.0,25.0,0.6034,0.3093,0.18,123.0,8.0,24.0,111.0,4.133333333
TCGA-64-5775-01,14.0,25.0,0.3238,0.2952,0.27,434.0,14.0,32.0,90.0,14.4
TCGA-64-5778-01,10.0,9.0,0.3264,0.3135,0.03,420.0,0.0,-8.0,69.0,14.26666667
TCGA-64-5779-01,19.0,5.0,0.6682,0.3101,0.0,325.0,14.0,-6.0,246.0,10.8
TCGA-64-5781-01,11.0,25.0,0.1808,0.2985,0.02,1022.0,8.0,36.0,26.0,34.16666667
TCGA-64-5815-01,8.0,23.0,0.185,0.2793,0.0,147.0,-4.0,30.0,59.0,4.933333333
TCGA-67-3770-01,16.0,1.0,0.3918,0.2832,0.36,187.0,-6.0,4.0,145.0,6.266666667
TCGA-67-3771-01,21.0,15.0,0.6308,0.3208,0.6,948.0,8.0,26.0,207.0,31.63333333
TCGA-67-3772-01,10.0,9.0,0.3283,0.2699,0.0,59.0,-2.0,20.0,78.0,2.0
TCGA-67-3773-01,5.0,-9.0,0.1224,0.2811,0.1,95.0,-10.0,-18.0,100.0,3.233333333
TCGA-67-3774-01,7.0,-27.0,0.2154,0.2771,0.0,95.0,-8.0,-26.0,106.0,3.166666667
TCGA-67-4679-01,2.0,-37.0,0.1694,0.2885,0.0,262.0,-24.0,-42.0,12.0,8.8
TCGA-67-6215-01,7.0,-17.0,0.2122,0.2956,0.01,103.0,-4.0,-8.0,36.0,3.4
TCGA-67-6216-01,2.0,-7.0,0.0855,0.2921,0.0,40.0,-2.0,-8.0,35.0,1.333333333
TCGA-67-6217-01,22.0,-23.0,0.4314,0.2965,0.01,177.0,-16.0,-34.0,285.0,5.9
TCGA-69-7760-01,20.0,13.0,0.5582,0.3473,0.09,63.0,22.0,12.0,148.0,2.133333333
TCGA-69-7761-01,15.0,-13.0,0.0782,0.3157,0.0,29.0,10.0,-18.0,51.0,0.966666667
TCGA-69-7763-01,24.0,-33.0,0.1675,0.3202,0.0,65.0,-18.0,-10.0,96.0,2.2
TCGA-69-7764-01,8.0,-31.0,0.4944,0.3472,0.0,81.0,-14.0,-40.0,84.0,2.7
TCGA-69-7765-01,9.0,1.0,0.1408,0.3239,0.03,547.0,8.0,12.0,15.0,18.26666667
TCGA-69-7973-01,23.0,-5.0,0.4716,0.3631,0.0,240.0,12.0,-8.0,57.0,8.0
TCGA-69-7974-01,21.0,17.0,0.1959,0.3588,0.0,482.0,20.0,2.0,80.0,16.1
TCGA-69-7978-01,16.0,3.0,0.0369,0.3431,0.0,542.0,2.0,18.0,183.0,18.26666667
TCGA-69-7979-01,23.0,9.0,0.6272,0.351,0.06,1322.0,16.0,28.0,962.0,44.13333333
TCGA-69-7980-01,22.0,-17.0,0.4262,0.3681,0.22,736.0,6.0,-4.0,201.0,24.56666667
TCGA-69-8253-01,16.0,-3.0,0.2314,0.3411,0.25,133.0,-12.0,8.0,36.0,4.366666667
TCGA-69-8254-01,1.0,-31.0,0.0322,0.3148,0.03,75.0,-16.0,-32.0,10.0,2.533333333
TCGA-69-8255-01,20.0,25.0,0.4081,0.3363,0.17,270.0,18.0,16.0,229.0,9.166666667
TCGA-69-8453-01,6.0,-29.0,0.1046,0.3133,0.01,195.0,-14.0,-30.0,78.0,0.0
TCGA-69-A59K-01,16.0,21.0,0.4943,0.3272,0.01,439.0,18.0,6.0,253.0,14.6
TCGA-71-6725-01,21.0,-9.0,0.6934,0.3174,0.34,51.0,-16.0,-10.0,140.0,1.7
TCGA-71-8520-01,16.0,5.0,0.237,0.311,0.64,80.0,10.0,6.0,68.0,2.666666667
TCGA-73-4658-01,8.0,17.0,0.0648,0.3074,0.0,322.0,-6.0,30.0,40.0,10.66666667
TCGA-73-4659-01,24.0,25.0,0.249,0.2919,0.0,192.0,12.0,22.0,99.0,6.4
TCGA-73-4662-01,14.0,-31.0,0.4929,0.2984,0.01,205.0,-10.0,-26.0,97.0,6.833333333
TCGA-73-4666-01,22.0,23.0,0.3709,0.2944,0.22,342.0,26.0,38.0,66.0,11.43333333
TCGA-73-4668-01,24.0,23.0,0.499,0.2789,0.03,485.0,8.0,44.0,175.0,16.23333333
TCGA-73-4670-01,26.0,35.0,0.6786,0.2934,0.38,330.0,26.0,54.0,137.0,10.96666667
TCGA-73-4675-01,24.0,3.0,0.259,0.2958,0.01,63.0,0.0,8.0,51.0,2.133333333
TCGA-73-4676-01,9.0,37.0,0.2108,0.3162,0.02,85.0,24.0,26.0,45.0,2.833333333
TCGA-73-4677-01,14.0,-25.0,0.1813,0.2761,0.05,224.0,-10.0,-26.0,15.0,7.466666667
TCGA-73-7498-01,7.0,-41.0,0.1769,0.3439,0.0,99.0,-14.0,-36.0,27.0,3.3
TCGA-73-7499-01,23.0,17.0,0.5723,0.3566,0.15,65.0,14.0,18.0,91.0,2.166666667
TCGA-73-A9RS-01,18.0,3.0,0.6599,0.35,0.02,844.0,12.0,-14.0,144.0,28.3
TCGA-75-5125-01,20.0,33.0,0.3035,0.3003,0.0,164.0,16.0,26.0,43.0,5.5
TCGA-75-5146-01,9.0,-9.0,0.3219,0.3033,0.0,168.0,-6.0,-22.0,123.0,5.633333333
TCGA-75-5147-01,15.0,25.0,0.414,0.2962,0.02,39.0,16.0,22.0,80.0,1.3
TCGA-75-6206-01,16.0,-33.0,0.4203,0.2995,0.0,81.0,-16.0,-40.0,30.0,2.7
TCGA-75-6212-01,19.0,-1.0,0.2365,0.2999,0.0,20.0,-6.0,4.0,2.0,0.7
TCGA-75-6214-01,21.0,17.0,0.519,0.2991,0.2,642.0,14.0,34.0,170.0,21.5
TCGA-75-7025-01,19.0,-33.0,0.2153,0.296,0.15,31.0,-16.0,-28.0,14.0,1.033333333
TCGA-75-7027-01,23.0,23.0,0.657,0.3008,0.3,213.0,18.0,22.0,57.0,7.133333333
TCGA-78-7143-01,26.0,-5.0,0.1974,0.3133,0.0,195.0,10.0,-6.0,66.0,0.0
TCGA-78-7145-01,20.0,23.0,0.5585,0.296,0.0,185.0,10.0,28.0,202.0,6.266666667
TCGA-78-7146-01,17.0,31.0,0.5733,0.2965,4.5,347.0,24.0,34.0,321.0,11.56666667
TCGA-78-7147-01,21.0,9.0,0.5989,0.3081,0.03,305.0,8.0,0.0,313.0,10.16666667
TCGA-78-7148-01,6.0,13.0,0.2875,0.3143,0.02,212.0,16.0,8.0,47.0,7.133333333
TCGA-78-7149-01,21.0,-31.0,0.2501,0.3146,0.03,137.0,-10.0,0.0,93.0,4.566666667
TCGA-78-7150-01,15.0,23.0,0.4589,0.312,0.26,363.0,22.0,36.0,293.0,12.26666667
TCGA-78-7152-01,6.0,-25.0,0.1601,0.3139,0.0,177.0,-18.0,-18.0,56.0,6.0
TCGA-78-7153-01,16.0,-15.0,0.2107,0.2986,0.0,115.0,-12.0,-12.0,209.0,3.833333333
TCGA-78-7154-01,22.0,25.0,0.3566,0.3163,0.44,210.0,14.0,26.0,246.0,7.066666667
TCGA-78-7155-01,18.0,9.0,0.4353,0.3151,1.05,1403.0,16.0,4.0,289.0,47.06666667
TCGA-78-7156-01,4.0,-35.0,0.1115,0.2956,1.28,309.0,-20.0,-40.0,29.0,10.36666667
TCGA-78-7158-01,4.0,-21.0,0.1432,0.3136,0.0,249.0,-12.0,-14.0,17.0,8.3
TCGA-78-7159-01,22.0,11.0,0.244,0.3248,0.0,304.0,14.0,4.0,108.0,10.2
TCGA-78-7160-01,16.0,-19.0,0.0345,0.2959,0.0,49.0,4.0,-20.0,17.0,1.666666667
TCGA-78-7161-01,9.0,-21.0,0.4864,0.2989,0.0,175.0,-14.0,-12.0,342.0,5.8
TCGA-78-7162-01,5.0,-37.0,0.0574,0.3088,0.0,73.0,-16.0,-32.0,27.0,2.433333333
TCGA-78-7163-01,27.0,-5.0,0.3872,0.3124,0.06,49.0,-12.0,4.0,44.0,1.666666667
TCGA-78-7166-01,3.0,25.0,0.0935,0.3093,0.0,194.0,18.0,28.0,13.0,6.466666667
TCGA-78-7167-01,17.0,-31.0,0.4895,0.2999,0.1,103.0,-18.0,-34.0,121.0,3.5
TCGA-78-7220-01,28.0,-1.0,0.5333,0.317,0.21,740.0,24.0,18.0,180.0,24.86666667
TCGA-78-7535-01,30.0,-3.0,0.7843,0.3105,0.34,146.0,6.0,10.0,59.0,4.9
TCGA-78-7536-01,16.0,19.0,0.7212,0.3287,0.72,595.0,22.0,14.0,395.0,19.83333333
TCGA-78-7537-01,2.0,-35.0,0.1285,0.2959,0.0,133.0,-20.0,-26.0,21.0,4.466666667
TCGA-78-7539-01,13.0,-35.0,0.3206,0.3056,0.0,430.0,-22.0,-40.0,234.0,14.43333333
TCGA-78-7540-01,6.0,-17.0,0.1948,0.3011,0.06,227.0,-14.0,-24.0,23.0,7.566666667
TCGA-78-7542-01,28.0,39.0,0.4019,0.324,0.06,326.0,20.0,56.0,128.0,11.0
TCGA-78-7633-01,9.0,-41.0,0.3107,0.3017,0.0,145.0,-14.0,-32.0,12.0,4.933333333
TCGA-78-8640-01,15.0,31.0,0.1728,0.323,0.01,648.0,26.0,14.0,179.0,21.7
TCGA-78-8648-01,16.0,-25.0,0.0,0.3313,0.07,15.0,6.0,-24.0,0.0,0.466666667
TCGA-78-8655-01,10.0,-35.0,0.2619,0.3318,0.29,97.0,-18.0,-14.0,51.0,3.233333333
TCGA-78-8660-01,8.0,25.0,0.0071,0.3233,0.42,221.0,26.0,44.0,141.0,7.366666667
TCGA-78-8662-01,19.0,19.0,0.7394,0.3528,1.32,1014.0,16.0,12.0,249.0,33.73333333
TCGA-80-5608-01,15.0,21.0,0.4499,0.2893,0.1,341.0,8.0,20.0,44.0,11.36666667
TCGA-80-5611-01,14.0,31.0,0.5728,0.2913,0.04,190.0,20.0,22.0,206.0,6.333333333
TCGA-83-5908-01,15.0,15.0,0.0276,0.3239,0.21,214.0,16.0,16.0,79.0,7.2
TCGA-86-6562-01,17.0,-1.0,0.3789,0.2982,0.0,52.0,10.0,10.0,48.0,1.733333333
TCGA-86-6851-01,18.0,-21.0,0.1787,0.3143,0.0,836.0,-2.0,-18.0,111.0,27.93333333
TCGA-86-7701-01,19.0,9.0,0.1685,0.3447,0.02,376.0,12.0,-8.0,166.0,12.7
TCGA-86-7711-01,16.0,19.0,0.4361,0.3021,0.0,208.0,16.0,24.0,124.0,13.6
TCGA-86-7713-01,14.0,-7.0,0.3677,0.3155,0.1,150.0,10.0,6.0,123.0,10.0
TCGA-86-7714-01,3.0,-27.0,0.0639,0.3042,0.0,67.0,-14.0,-36.0,3.0,2.266666667
TCGA-86-7953-01,24.0,-1.0,0.3506,0.3435,0.0,49.0,12.0,6.0,130.0,1.633333333
TCGA-86-7954-01,27.0,-11.0,0.2595,0.3267,0.0,186.0,10.0,-22.0,199.0,6.2
TCGA-86-7955-01,22.0,23.0,0.6063,0.3329,0.21,276.0,16.0,22.0,234.0,9.233333333
TCGA-86-8054-01,19.0,29.0,0.6,0.3127,0.23,199.0,26.0,28.0,154.0,6.633333333
TCGA-86-8055-01,20.0,17.0,0.1831,0.3385,0.02,41.0,8.0,16.0,104.0,1.4
TCGA-86-8056-01,3.0,-35.0,0.1241,0.3353,0.0,257.0,-14.0,-32.0,121.0,8.633333333
TCGA-86-8073-01,9.0,-13.0,0.2307,0.3277,0.04,1334.0,6.0,-6.0,87.0,44.56666667
TCGA-86-8074-01,18.0,19.0,0.4639,0.3273,0.36,63.0,12.0,32.0,165.0,2.1
TCGA-86-8075-01,27.0,15.0,0.2397,0.2979,0.14,50.0,12.0,26.0,154.0,1.666666667
TCGA-86-8076-01,1.0,-25.0,0.0339,0.3188,0.0,64.0,-8.0,-20.0,4.0,2.133333333
TCGA-86-8278-01,8.0,-11.0,0.2129,0.3248,0.09,91.0,-2.0,0.0,48.0,3.1
TCGA-86-8279-01,28.0,7.0,0.5986,0.341,0.56,455.0,6.0,10.0,94.0,15.2
TCGA-86-8280-01,23.0,-11.0,0.2915,0.3218,0.27,43.0,-8.0,2.0,133.0,1.466666667
TCGA-86-8281-01,3.0,-33.0,0.1486,0.3249,0.32,226.0,-8.0,-28.0,13.0,7.566666667
TCGA-86-8358-01,21.0,21.0,0.5293,0.3391,0.45,951.0,22.0,2.0,386.0,31.83333333
TCGA-86-8359-01,16.0,-5.0,0.3875,0.3167,0.21,143.0,-12.0,-4.0,92.0,4.8
TCGA-86-8585-01,21.0,27.0,0.082,0.3245,0.0,531.0,18.0,30.0,112.0,17.73333333
TCGA-86-8668-01,10.0,-31.0,0.189,0.3259,0.0,33.0,-14.0,-38.0,71.0,1.1
TCGA-86-8669-01,20.0,-15.0,0.2898,0.3342,0.12,118.0,-10.0,-18.0,109.0,3.933333333
TCGA-86-8671-01,0.0,-33.0,0.0023,0.3378,0.22,34.0,-16.0,-48.0,35.0,1.133333333
TCGA-86-8672-01,21.0,25.0,0.0475,0.3472,0.33,262.0,20.0,28.0,77.0,8.766666667
TCGA-86-8673-01,30.0,31.0,0.2147,0.3382,0.49,437.0,10.0,24.0,245.0,14.73333333
TCGA-86-8674-01,5.0,-15.0,0.1477,0.334,0.63,270.0,-16.0,-6.0,17.0,8.966666667
TCGA-86-A456-01,8.0,-27.0,0.03,0.3277,0.0,327.0,-10.0,-28.0,81.0,10.96666667
TCGA-86-A4D0-01,10.0,19.0,0.3059,0.3385,0.26,195.0,18.0,10.0,146.0,0.0
TCGA-86-A4JF-01,18.0,23.0,0.1097,0.5047,4.4,1226.0,16.0,22.0,25.0,41.16666667
TCGA-86-A4P7-01,6.0,-31.0,0.0145,0.3312,0.0,66.0,-10.0,-32.0,28.0,2.2
TCGA-86-A4P8-01,0.0,-37.0,0.0001,0.3062,0.01,195.0,-22.0,-44.0,0.0,0.0
TCGA-91-6828-01,30.0,-21.0,0.2487,0.299,0.02,276.0,-6.0,-16.0,74.0,18.23333333
TCGA-91-6829-01,17.0,-11.0,0.402,0.3066,0.09,588.0,10.0,-2.0,106.0,19.6
TCGA-91-6830-01,11.0,-1.0,0.0451,0.3068,0.0,243.0,4.0,10.0,32.0,8.1
TCGA-91-6831-01,16.0,25.0,0.459,0.3197,0.04,257.0,20.0,20.0,231.0,8.633333333
TCGA-91-6835-01,13.0,-33.0,0.0486,0.2993,0.0,78.0,-14.0,-22.0,31.0,2.633333333
TCGA-91-6836-01,20.0,21.0,0.5486,0.3153,0.47,457.0,24.0,10.0,297.0,15.33333333
TCGA-91-6840-01,21.0,-13.0,0.6193,0.2902,0.37,128.0,8.0,-10.0,245.0,4.233333333
TCGA-91-6847-01,25.0,21.0,0.5998,0.3373,1.12,67.0,18.0,32.0,178.0,2.266666667
TCGA-91-6848-01,15.0,15.0,0.2565,0.2978,0.0,561.0,14.0,10.0,272.0,18.73333333
TCGA-91-6849-01,4.0,-37.0,0.1555,0.3012,0.0,108.0,-12.0,-36.0,21.0,3.6
TCGA-91-7771-01,20.0,-19.0,0.2558,0.3602,0.11,185.0,-8.0,-20.0,273.0,6.233333333
TCGA-91-8496-01,4.0,-5.0,0.2102,0.3433,0.0,31.0,-16.0,-4.0,53.0,1.033333333
TCGA-91-8497-01,1.0,-45.0,0.0872,0.3523,0.43,39.0,-18.0,-56.0,79.0,1.333333333
TCGA-91-8499-01,16.0,23.0,0.6447,0.3308,0.55,284.0,22.0,30.0,375.0,9.433333333
TCGA-91-A4BC-01,24.0,-3.0,0.0734,0.3357,0.05,401.0,16.0,-16.0,87.0,13.5
TCGA-91-A4BD-01,6.0,-9.0,0.137,0.3219,0.0,17.0,-10.0,-8.0,2.0,0.533333333
TCGA-93-7347-01,6.0,-27.0,0.016,0.3343,0.0,107.0,-12.0,-38.0,30.0,3.566666667
TCGA-93-7348-01,12.0,-31.0,0.0547,0.3085,0.0,103.0,-12.0,-28.0,22.0,6.733333333
TCGA-93-8067-01,19.0,23.0,0.3251,0.3262,0.14,450.0,20.0,32.0,295.0,15.06666667
TCGA-93-A4JN-01,25.0,-19.0,0.2203,0.3078,0.01,73.0,4.0,0.0,26.0,2.433333333
TCGA-93-A4JO-01,16.0,-15.0,0.0324,0.3048,0.0,53.0,-8.0,-16.0,32.0,1.766666667
TCGA-93-A4JP-01,10.0,-29.0,0.0381,0.2995,0.01,54.0,-6.0,-20.0,35.0,1.833333333
TCGA-93-A4JQ-01,21.0,1.0,0.0418,0.3075,0.04,104.0,6.0,22.0,47.0,3.533333333
TCGA-95-7039-01,19.0,11.0,0.4482,0.32,0.0,1207.0,16.0,24.0,327.0,40.36666667
TCGA-95-7043-01,15.0,-3.0,0.5315,0.3486,1.02,1022.0,0.0,2.0,147.0,34.16666667
TCGA-95-7562-01,27.0,35.0,0.4101,0.3409,0.12,391.0,22.0,42.0,83.0,13.1
TCGA-95-7567-01,15.0,1.0,0.3249,0.4503,1.94,846.0,14.0,10.0,202.0,28.16666667
TCGA-95-7944-01,13.0,17.0,0.0624,0.3321,0.0,208.0,4.0,24.0,57.0,7.033333333
TCGA-95-7947-01,11.0,-7.0,0.4074,0.3598,0.04,476.0,12.0,-4.0,60.0,16.0
TCGA-95-7948-01,17.0,-21.0,0.3733,0.3546,0.21,141.0,-14.0,-14.0,56.0,4.833333333
TCGA-95-8039-01,9.0,-19.0,0.1139,0.3217,0.0,87.0,-4.0,-2.0,65.0,2.933333333
TCGA-95-8494-01,21.0,35.0,0.4034,0.3051,0.95,90.0,18.0,32.0,90.0,3.0
TCGA-95-A4VK-01,7.0,-23.0,0.1907,0.3282,0.0,223.0,-8.0,-18.0,124.0,7.4
TCGA-95-A4VN-01,27.0,27.0,0.1669,0.3233,0.0,422.0,18.0,22.0,25.0,14.06666667
TCGA-95-A4VP-01,21.0,-3.0,0.143,0.3285,0.0,114.0,0.0,-12.0,52.0,3.766666667
TCGA-97-7546-01,6.0,-37.0,0.0936,0.3147,0.0,253.0,-22.0,-32.0,62.0,8.433333333
TCGA-97-7547-01,17.0,-39.0,0.348,0.3077,0.04,158.0,-20.0,-40.0,66.0,5.3
TCGA-97-7552-01,3.0,-37.0,0.0037,0.3059,0.0,35.0,-16.0,-50.0,13.0,1.166666667
TCGA-97-7553-01,15.0,-33.0,0.0369,0.2731,0.05,42.0,2.0,-22.0,26.0,1.4
TCGA-97-7554-01,27.0,-17.0,0.3163,0.305,0.0,415.0,-2.0,-12.0,147.0,13.83333333
TCGA-97-7937-01,26.0,5.0,0.4496,0.3257,0.03,445.0,4.0,10.0,129.0,14.83333333
TCGA-97-7938-01,7.0,-37.0,0.2176,0.3584,0.02,363.0,-18.0,-32.0,26.0,12.23333333
TCGA-97-7941-01,2.0,-39.0,0.0268,0.3364,0.0,87.0,-16.0,-36.0,14.0,2.9
TCGA-97-8171-01,6.0,-11.0,0.2181,0.3261,0.61,54.0,-2.0,-16.0,223.0,1.866666667
TCGA-97-8172-01,13.0,-43.0,0.1214,0.3222,0.12,247.0,-16.0,-52.0,17.0,8.2
TCGA-97-8174-01,20.0,-39.0,0.2982,0.3258,0.07,158.0,-14.0,-46.0,156.0,5.266666667
TCGA-97-8175-01,8.0,27.0,0.1336,0.3039,0.72,28.0,6.0,42.0,74.0,0.9
TCGA-97-8176-01,8.0,21.0,0.1748,0.3459,0.0,137.0,22.0,24.0,64.0,4.6
TCGA-97-8177-01,19.0,15.0,0.1677,0.3372,0.07,32.0,-6.0,24.0,159.0,1.066666667
TCGA-97-8179-01,30.0,-15.0,0.4389,0.333,0.45,151.0,-8.0,-14.0,54.0,5.033333333
TCGA-97-8547-01,10.0,3.0,0.3273,0.3431,0.23,54.0,-12.0,6.0,140.0,1.833333333
TCGA-97-8552-01,21.0,-35.0,0.3121,0.3635,0.0,22.0,-18.0,-24.0,45.0,0.766666667
TCGA-97-A4LX-01,14.0,-3.0,0.0346,0.3137,0.0,150.0,-8.0,-20.0,58.0,5.0
TCGA-97-A4M0-01,16.0,-25.0,0.2992,0.33,0.0,344.0,-16.0,-36.0,75.0,11.6
TCGA-97-A4M1-01,20.0,-37.0,0.2459,0.3065,0.0,39.0,-24.0,-34.0,154.0,1.3
TCGA-97-A4M2-01,1.0,-35.0,0.0002,0.2987,0.0,26.0,-16.0,-44.0,16.0,0.866666667
TCGA-97-A4M3-01,5.0,-23.0,0.237,0.306,0.0,193.0,-22.0,-12.0,200.0,6.433333333
TCGA-97-A4M5-01,6.0,-41.0,0.0418,0.2956,0.01,144.0,-16.0,-28.0,34.0,4.8
TCGA-97-A4M6-01,9.0,-29.0,0.3427,0.3076,0.04,29.0,-12.0,-28.0,63.0,0.966666667
TCGA-97-A4M7-01,9.0,-33.0,0.2386,0.313,0.0,278.0,-12.0,-18.0,23.0,9.233333333
TCGA-99-7458-01,13.0,-25.0,0.0061,0.2904,0.0,437.0,-16.0,-24.0,43.0,14.66666667
TCGA-99-8025-01,20.0,1.0,0.5108,0.3262,0.1,436.0,0.0,10.0,138.0,14.63333333
TCGA-99-8028-01,3.0,7.0,0.0181,0.3429,0.0,394.0,-14.0,4.0,25.0,13.13333333
TCGA-99-8032-01,18.0,17.0,0.1856,0.3283,0.0,370.0,16.0,18.0,60.0,12.26666667
TCGA-99-8033-01,21.0,31.0,0.093,0.3357,0.11,168.0,26.0,42.0,63.0,5.6
TCGA-99-AA5R-01,0.0,-35.0,0.0007,0.3341,0.0,53.0,-16.0,-44.0,17.0,1.8
TCGA-J2-8192-01,16.0,-7.0,0.0667,0.3327,0.0,67.0,-6.0,4.0,73.0,2.3
TCGA-J2-8194-01,15.0,-15.0,0.274,0.313,0.02,138.0,-4.0,-10.0,22.0,4.833333333
TCGA-J2-A4AD-01,8.0,9.0,0.3196,0.3088,0.0,292.0,18.0,20.0,126.0,9.9
TCGA-J2-A4AE-01,7.0,-19.0,0.1859,0.3188,0.0,41.0,-6.0,-24.0,68.0,1.366666667
TCGA-J2-A4AG-01,4.0,-29.0,0.0236,0.32,0.0,82.0,-12.0,-32.0,36.0,2.733333333
TCGA-L4-A4E5-01,17.0,17.0,0.5246,0.3166,0.01,297.0,20.0,20.0,124.0,9.933333333
TCGA-L4-A4E6-01,16.0,-37.0,0.0,0.3258,0.0,10.0,-18.0,-28.0,1.0,0.333333333
TCGA-L9-A443-01,22.0,-19.0,0.3508,0.3265,0.0,233.0,-10.0,-2.0,63.0,7.833333333
TCGA-L9-A444-01,30.0,-17.0,0.3499,0.3278,0.0,493.0,-10.0,-10.0,230.0,16.36666667
TCGA-L9-A50W-01,10.0,-21.0,0.2589,0.3098,0.0,31.0,-12.0,-32.0,48.0,1.066666667
TCGA-L9-A5IP-01,26.0,27.0,0.2286,0.3419,0.33,259.0,8.0,42.0,73.0,8.733333333
TCGA-L9-A743-01,16.0,1.0,0.0135,0.3215,0.0,117.0,4.0,4.0,23.0,3.9
TCGA-L9-A7SV-01,19.0,-15.0,0.6218,0.3574,0.22,1390.0,0.0,-20.0,217.0,46.63333333
TCGA-L9-A8F4-01,23.0,9.0,0.1304,0.3245,0.0,691.0,6.0,10.0,188.0,23.2
TCGA-MN-A4N1-01,23.0,15.0,0.4939,0.3314,0.09,406.0,14.0,28.0,209.0,13.7
TCGA-MN-A4N4-01,19.0,9.0,0.3552,0.3073,0.01,1340.0,-6.0,26.0,111.0,44.86666667
TCGA-MN-A4N5-01,19.0,3.0,0.4335,0.3204,0.06,401.0,2.0,-2.0,170.0,13.5
TCGA-MP-A4SV-01,21.0,13.0,0.1932,0.3118,0.0,298.0,20.0,34.0,85.0,9.933333333
TCGA-MP-A4SW-01,7.0,1.0,0.2806,0.3122,0.0,60.0,0.0,-12.0,116.0,2.066666667
TCGA-MP-A4SY-01,9.0,29.0,0.0944,0.3095,0.0,158.0,0.0,50.0,14.0,5.266666667
TCGA-MP-A4T2-01,19.0,1.0,0.3007,0.3179,0.04,73.0,4.0,4.0,13.0,2.466666667
TCGA-MP-A4T4-01,16.0,1.0,0.0677,0.3216,0.0,353.0,2.0,8.0,92.0,11.83333333
TCGA-MP-A4T6-01,16.0,-25.0,0.7107,0.3441,0.01,58.0,-14.0,-28.0,101.0,1.933333333
TCGA-MP-A4T7-01,19.0,-1.0,0.2738,0.3288,0.0,125.0,10.0,12.0,16.0,4.166666667
TCGA-MP-A4T8-01,13.0,19.0,0.3599,0.3315,0.03,108.0,12.0,30.0,152.0,3.6
TCGA-MP-A4T9-01,10.0,3.0,0.0198,0.307,0.0,31.0,-4.0,8.0,18.0,1.033333333
TCGA-MP-A4TA-01,11.0,21.0,0.0176,0.3176,0.0,315.0,18.0,30.0,74.0,10.5
TCGA-MP-A4TC-01,12.0,27.0,0.1356,0.3095,0.0,227.0,16.0,22.0,31.0,7.6
TCGA-MP-A4TD-01,16.0,-21.0,0.2191,0.3054,0.03,70.0,-16.0,-10.0,35.0,2.333333333
TCGA-MP-A4TE-01,18.0,1.0,0.4476,0.3258,0.13,124.0,6.0,18.0,70.0,4.166666667
TCGA-MP-A4TF-01,28.0,29.0,0.4141,0.3514,0.01,375.0,6.0,30.0,177.0,12.63333333
TCGA-MP-A4TH-01,6.0,-37.0,0.1862,0.3143,0.0,108.0,-22.0,-42.0,60.0,3.6
TCGA-MP-A4TI-01,8.0,29.0,0.0114,0.3151,0.0,205.0,20.0,40.0,48.0,6.866666667
TCGA-MP-A4TJ-01,16.0,-29.0,0.0474,0.3186,0.0,84.0,-6.0,-22.0,61.0,2.833333333
TCGA-MP-A4TK-01,18.0,17.0,0.1971,0.31,0.0,314.0,8.0,12.0,326.0,10.5
TCGA-MP-A5C7-01,6.0,-37.0,0.2166,0.3234,0.0,58.0,-10.0,-30.0,64.0,1.966666667
TCGA-NJ-A4YF-01,18.0,21.0,0.6545,0.3395,0.2,546.0,-4.0,18.0,598.0,18.26666667
TCGA-NJ-A4YG-01,8.0,-29.0,0.1185,0.3188,0.0,132.0,-14.0,-14.0,17.0,4.433333333
TCGA-NJ-A4YI-01,18.0,-33.0,0.2579,0.3335,0.04,394.0,-20.0,-30.0,43.0,13.16666667
TCGA-NJ-A4YP-01,8.0,-3.0,0.1272,0.3221,0.0,465.0,2.0,30.0,19.0,15.66666667
TCGA-NJ-A4YQ-01,15.0,-7.0,0.1044,0.32,0.01,995.0,4.0,-6.0,83.0,33.46666667
TCGA-NJ-A55A-01,1.0,-45.0,0.0004,0.3278,0.0,100.0,-18.0,-52.0,5.0,3.3
TCGA-NJ-A55O-01,16.0,-27.0,0.0194,0.321,0.0,124.0,-20.0,-22.0,37.0,4.133333333
TCGA-NJ-A55R-01,21.0,-11.0,0.076,0.3064,0.0,232.0,4.0,-10.0,11.0,7.7
TCGA-NJ-A7XG-01,16.0,-21.0,0.4205,0.3235,0.0,27.0,-16.0,-14.0,29.0,0.9
TCGA-O1-A52J-01,29.0,-23.0,0.5443,0.322,0.02,153.0,-18.0,-8.0,240.0,5.1
TCGA-S2-AA1A-01,16.0,-31.0,0.0598,0.3278,0.0,102.0,-18.0,-40.0,16.0,3.433333333
